{"morning & Friday": 0.04468047527020747, "morning & Saturday": 0.03596421583673862, "morning & 1": 0.02690156954402114, "morning & 0": 0.10002863693341313, "morning & Tuesday": 0.045249784365606185, "morning & 4": 0.0365746798065035, "morning & Sunday": 0.031341151616271955, "morning & Wednesday": 0.04562875216706135, "morning & Thursday": 0.04475078151391635, "morning & 3": 0.049330976073584915, "morning & Fire": 0.04202941544645322, "morning & EMS": 0.15461886299370844, "morning & Traffic": 0.09678769057707708, "morning & Monday": 0.045820808247436826, "morning & 2": 0.08060010665971606, "Friday & 1": 0.014824328703981563, "Friday & afternoon": 0.05146931475419394, "Friday & 0": 0.05273825671381758, "Friday & 4": 0.019188460173227725, "Friday & 3": 0.02570293382810638, "Friday & evening": 0.040194593964294714, "Friday & Fire": 0.023134183753084472, "Friday & EMS": 0.07719454080591533, "Friday & Traffic": 0.05455764511808877, "Friday & 2": 0.042432390257955324, "Friday & midnight": 0.01854198568839244, "Saturday & 1": 0.014014949508113512, "Saturday & afternoon": 0.04068673767025686, "Saturday & 0": 0.045745357644432175, "Saturday & 4": 0.01740679707045886, "Saturday & 3": 0.021690333577404602, "Saturday & evening": 0.03766528397720706, "Saturday & Fire": 0.020952975411677354, "Saturday & EMS": 0.07295901831906346, "Saturday & Traffic": 0.0400711293411962, "Saturday & 2": 0.03512568527152786, "Saturday & midnight": 0.019666885587734474, "1 & afternoon": 0.030313994543549574, "1 & Tuesday": 0.01432704063872365, "1 & Sunday": 0.012579673264593262, "1 & Wednesday": 0.01439391730956868, "1 & Thursday": 0.014735159809521524, "1 & evening": 0.02715192836308202, "1 & Fire": 0.015345623779286409, "1 & EMS": 0.05877773452705333, "1 & Traffic": 0.024993012245289912, "1 & Monday": 0.014241301317127458, "1 & midnight": 0.014748878100976914, "afternoon & 0": 0.10953541291199888, "afternoon & Tuesday": 0.04830896336015831, "afternoon & 4": 0.039440087934248226, "afternoon & Sunday": 0.03578416326138661, "afternoon & Wednesday": 0.05010262996795064, "afternoon & Thursday": 0.049210941023350246, "afternoon & 3": 0.053808283447338054, "afternoon & Fire": 0.047007440458328116, "afternoon & EMS": 0.14963226404967395, "afternoon & Traffic": 0.12610196463081505, "afternoon & Monday": 0.0471789191015205, "afternoon & 2": 0.08964389030168238, "0 & Tuesday": 0.04951617300823269, "0 & Sunday": 0.040005967456783094, "0 & Wednesday": 0.05044387246790349, "0 & Thursday": 0.050690801714100515, "0 & evening": 0.08639265522675478, "0 & Fire": 0.05348590359813637, "0 & EMS": 0.17717516371923459, "0 & Traffic": 0.10848939318852534, "0 & Monday": 0.05001003150062675, "0 & midnight": 0.043193755433729504, "Tuesday & 4": 0.018156158741209575, "Tuesday & 3": 0.024727220348341714, "Tuesday & evening": 0.03608253610054136, "Tuesday & Fire": 0.021650893489470354, "Tuesday & EMS": 0.07585529260258281, "Tuesday & Traffic": 0.04976653182729357, "Tuesday & 2": 0.0405461251828391, "Tuesday & midnight": 0.017631434093040882, "4 & Sunday": 0.01604354185707941, "4 & Wednesday": 0.018691172107969813, "4 & Thursday": 0.01831563387937849, "4 & evening": 0.03260837878946367, "4 & Fire": 0.021283929193038655, "4 & EMS": 0.06897213986484053, "4 & Traffic": 0.03534346314838219, "4 & Monday": 0.017797768376937494, "4 & midnight": 0.016976385676045976, "Sunday & 3": 0.019207322823978887, "Sunday & evening": 0.032136812520684614, "Sunday & Fire": 0.019563998401819046, "Sunday & EMS": 0.06957574468887773, "Sunday & Traffic": 0.02958006595068617, "Sunday & 2": 0.030883303638948287, "Sunday & midnight": 0.019457681643039768, "Wednesday & 3": 0.02476837522270789, "Wednesday & evening": 0.03729660489434344, "Wednesday & Fire": 0.022746642019469684, "Wednesday & EMS": 0.07557749720061115, "Wednesday & Traffic": 0.05182256075917025, "Wednesday & 2": 0.04184936287110122, "Wednesday & midnight": 0.017118712949895656, "Thursday & 3": 0.024838681466416764, "Thursday & evening": 0.03691592230645634, "Thursday & Fire": 0.02223906523562023, "Thursday & EMS": 0.07481956159770081, "Thursday & Traffic": 0.05174025101043791, "Thursday & 2": 0.04021860097434165, "Thursday & midnight": 0.01792123300003601, "3 & evening": 0.0409490999943412, "3 & Fire": 0.021463981768390657, "3 & EMS": 0.08542037131985397, "3 & Traffic": 0.058565101009494774, "3 & Monday": 0.02451458683078316, "3 & midnight": 0.021361094582475225, "evening & Fire": 0.04402199728034872, "evening & EMS": 0.13546298376268728, "evening & Traffic": 0.075760979348827, "evening & Monday": 0.034954206628335475, "evening & 2": 0.06814389801822132, "Fire & Monday": 0.021993850775855122, "Fire & 2": 0.040702170748144174, "Fire & midnight": 0.0192227559018662, "EMS & Monday": 0.07664752393413163, "EMS & 2": 0.13228376971790048, "EMS & midnight": 0.08291506834281324, "Traffic & Monday": 0.047551027757247975, "Traffic & 2": 0.09769824217242863, "Traffic & midnight": 0.026438577207401705, "Monday & 2": 0.03962871444175985, "Monday & midnight": 0.01823846848994192, "2 & midnight": 0.03229628765885353, "morning & Friday & 0": 0.015215300010460198, "morning & Friday & EMS": 0.02277579338881239, "morning & Friday & Traffic": 0.01529760975919254, "morning & Friday & 2": 0.012355036242011239, "morning & Saturday & 0": 0.012042945111401101, "morning & Saturday & EMS": 0.01945425207017592, "morning & Saturday & Traffic": 0.011267861644171527, "morning & 1 & EMS": 0.016359062560553396, "morning & 0 & Tuesday": 0.015412500450131438, "morning & 0 & Sunday": 0.010475630312622714, "morning & 0 & Wednesday": 0.015523961568206488, "morning & 0 & Thursday": 0.015558257296844964, "morning & 0 & Fire": 0.015347338565718332, "morning & 0 & EMS": 0.051512184414992036, "morning & 0 & Traffic": 0.033169113952702764, "morning & 0 & Monday": 0.015800042183746227, "morning & Tuesday & EMS": 0.023249074444023368, "morning & Tuesday & Traffic": 0.01574345423149274, "morning & Tuesday & 2": 0.012867757385156466, "morning & 4 & EMS": 0.020949545838813505, "morning & 4 & Traffic": 0.01001778233529905, "morning & Sunday & EMS": 0.018977541442101092, "morning & Wednesday & EMS": 0.023345102484211105, "morning & Wednesday & Traffic": 0.01593551031186821, "morning & Wednesday & 2": 0.012603680274640195, "morning & Thursday & EMS": 0.022835810913929725, "morning & Thursday & Traffic": 0.015542824218957649, "morning & Thursday & 2": 0.012468212146518212, "morning & 3 & EMS": 0.026116197358200022, "morning & 3 & Traffic": 0.0174239449347781, "morning & Fire & 2": 0.011398185412997738, "morning & EMS & Monday": 0.023981288250454848, "morning & EMS & 2": 0.03968187282114949, "morning & Traffic & Monday": 0.015451940538065687, "morning & Traffic & 2": 0.029520048425568837, "morning & Monday & 2": 0.012612254206799815, "Friday & afternoon & 0": 0.01772746213322862, "Friday & afternoon & EMS": 0.022299082760737565, "Friday & afternoon & Traffic": 0.02221677301200522, "Friday & afternoon & 2": 0.01453281501055451, "Friday & 0 & evening": 0.013646270425249888, "Friday & 0 & EMS": 0.026399137119467456, "Friday & 0 & Traffic": 0.018235038917078072, "Friday & 4 & EMS": 0.010069225928256766, "Friday & 3 & EMS": 0.012725430111306788, "Friday & evening & EMS": 0.020632310348907595, "Friday & evening & Traffic": 0.012907197473090715, "Friday & evening & 2": 0.010794580588960549, "Friday & EMS & 2": 0.01946797036163131, "Friday & EMS & midnight": 0.011487354307457778, "Friday & Traffic & 2": 0.01680319224642167, "Saturday & afternoon & 0": 0.013994372070930426, "Saturday & afternoon & EMS": 0.020040709029893872, "Saturday & afternoon & Traffic": 0.014467653126141405, "Saturday & afternoon & 2": 0.01084945375478211, "Saturday & 0 & evening": 0.013150697146423898, "Saturday & 0 & EMS": 0.025231367559327325, "Saturday & 0 & Traffic": 0.013272446983090491, "Saturday & 3 & EMS": 0.01164511465919477, "Saturday & evening & EMS": 0.02057572239665411, "Saturday & evening & Traffic": 0.01043790501112039,