{"Sunday & EMS": 0.06957574468887773, "Sunday & 0": 0.03342290234462749, "Sunday & evening": 0.032152245598571924, "Sunday & Traffic": 0.02958006595068617, "Sunday & 1": 0.016170436053041772, "Sunday & 2": 0.01990181132890804, "Sunday & midnight": 0.019469685148063236, "Sunday & morning": 0.031306855887633475, "Sunday & afternoon": 0.035791022407114306, "Sunday & 3": 0.031258841867539605, "Sunday & 4": 0.017965817447266032, "Sunday & Fire": 0.019563998401819046, "EMS & 0": 0.14368709949019398, "EMS & evening": 0.13552128650137268, "EMS & Monday": 0.07664752393413163, "EMS & 1": 0.07271894821859412, "EMS & Thursday": 0.07481956159770081, "EMS & Friday": 0.07719454080591533, "EMS & 2": 0.08982908723633015, "EMS & midnight": 0.08297337108149866, "EMS & Wednesday": 0.07557749720061115, "EMS & Saturday": 0.07295901831906346, "EMS & morning": 0.15451940538065687, "EMS & afternoon": 0.1496151161853547, "EMS & 3": 0.13459015746883804, "EMS & Tuesday": 0.07585529260258281, "EMS & 4": 0.0818038867349266, "0 & evening": 0.0727618178793922, "0 & Monday": 0.04233807700419951, "0 & Traffic": 0.09465621104219575, "0 & Thursday": 0.04281478763227434, "0 & Friday": 0.044651323900864764, "0 & midnight": 0.035988222846785545, "0 & Wednesday": 0.04274962574786123, "0 & Saturday": 0.03829804017058695, "0 & morning": 0.08428518270192038, "0 & afternoon": 0.09297914991177424, "0 & Tuesday": 0.041739616539458096, "0 & Fire": 0.04767106280748264, "evening & Monday": 0.0349919319298378, "evening & Traffic": 0.07585186302971897, "evening & 1": 0.0336612576586649, "evening & Thursday": 0.03696050675368636, "evening & Friday": 0.04023060447936512, "evening & 2": 0.04199340493138282, "evening & Wednesday": 0.03731032318579883, "evening & Saturday": 0.03765842483147936, "evening & 3": 0.06891555191258705, "evening & Tuesday": 0.03611854661561176, "evening & 4": 0.03809055101232417, "evening & Fire": 0.0440494338632595, "Monday & Traffic": 0.047551027757247975, "Monday & 1": 0.018123577799003022, "Monday & 2": 0.025214219695008085, "Monday & midnight": 0.018240183276373844, "Monday & morning": 0.04579680123738989, "Monday & afternoon": 0.04716348602363318, "Monday & 3": 0.0401139990019943, "Monday & 4": 0.0204025289670298, "Monday & Fire": 0.021993850775855122, "Traffic & 1": 0.036322606201010695, "Traffic & Thursday": 0.05174025101043791, "Traffic & Friday": 0.05455764511808877, "Traffic & 2": 0.05865941426325058, "Traffic & midnight": 0.026454010285289018, "Traffic & Wednesday": 0.05182256075917025, "Traffic & Saturday": 0.0400711293411962, "Traffic & morning": 0.0967105251876405, "Traffic & afternoon": 0.12607281326147235, "Traffic & 3": 0.09815951972261615, "Traffic & Tuesday": 0.04976653182729357, "Traffic & 4": 0.037291460535047664, "1 & Thursday": 0.018684312962242117, "1 & Friday": 0.019622301140504457, "1 & midnight": 0.016933516015247882, "1 & Wednesday": 0.018708319972289052, "1 & Saturday": 0.01800525753520028, "1 & morning": 0.03701709470593985, "1 & afternoon": 0.040108854642698526, "1 & Tuesday": 0.018406517560270456, "1 & Fire": 0.018679168602946345, "Thursday & 2": 0.02556403612712055, "Thursday & midnight": 0.017924662572899857, "Thursday & morning": 0.04471648578527787, "Thursday & afternoon": 0.049197222731894856, "Thursday & 3": 0.04066273066020992, "Thursday & 4": 0.021073010461912022, "Thursday & Fire": 0.02223906523562023, "Friday & 2": 0.02641457019735477, "Friday & midnight": 0.01855055962055206, "Friday & morning": 0.044649609114432845, "Friday & afternoon": 0.05145559646273855, "Friday & 3": 0.04296740362471556, "Friday & 4": 0.021230770813649016, "Friday & Fire": 0.023134183753084472, "2 & midnight": 0.02218590685623059, "2 & Wednesday": 0.025522881252754377, "2 & Saturday": 0.022487709268249185, "2 & morning": 0.05095659361104871, "2 & afternoon": 0.055406464401891065, "2 & Tuesday": 0.025437141931158185, "2 & Fire": 0.022053868300972456, "midnight & Wednesday": 0.01713414602778297, "midnight & Saturday": 0.01969603695707718, "midnight & 3": 0.03275927999547296, "midnight & Tuesday": 0.017641722811632427, "midnight & 4": 0.020790070700644588, "midnight & Fire": 0.019229615047593896, "Wednesday & morning": 0.045597886011286726, "Wednesday & afternoon": 0.050104344754382565, "Wednesday & 3": 0.04234493614992721, "Wednesday & 4": 0.02082093685641922, "Wednesday & Fire": 0.022746642019469684, "Saturday & morning": 0.0359419236131236, "Saturday & afternoon": 0.04068673767025686, "Saturday & 3": 0.03549436435439148, "Saturday & 4": 0.019697751743509104, "Saturday & Fire": 0.020952975411677354, "morning & 3": 0.08164955595605346, "morning & Tuesday": 0.04523092171485502, "morning & 4": 0.03933205638903703, "morning & Fire": 0.04201055279570206, "afternoon & 3": 0.09056987497492125, "afternoon & Tuesday": 0.04828152677724753, "afternoon & 4": 0.04361559289598277, "afternoon & Fire": 0.046992007380440806, "3 & Tuesday": 0.041051987180256634, "3 & Fire": 0.04114458564758052, "Tuesday & 4": 0.020637454708203367, "Tuesday & Fire": 0.021650893489470354, "4 & Fire": 0.022732923728014293, "Sunday & EMS & 0": 0.018833499381819493, "Sunday & EMS & evening": 0.018646587660739792, "Sunday & EMS & 1": 0.010262996795064159, "Sunday & EMS & 2": 0.011866322108912945, "Sunday & EMS & midnight": 0.012828317297222218, "Sunday & EMS & morning": 0.018963823150645702, "Sunday & EMS & afternoon": 0.01913701658027001, "Sunday & EMS & 3": 0.017489106819191205, "Sunday & EMS & 4": 0.011123819583889924, "Sunday & Traffic & afternoon": 0.010756855287458223, "EMS & 0 & evening": 0.037821329542512126, "EMS & 0 & Monday": 0.02115189063778052, "EMS & 0 & Thursday": 0.02063916949463529, "EMS & 0 & Friday": 0.021458837409094884, "EMS & 0 & midnight": 0.023130754180220623, "EMS & 0 & Wednesday": 0.020579151969517956, "EMS & 0 & Saturday": 0.020292782635386676, "EMS & 0 & morning": 0.04149954643898875, "EMS & 0 & afternoon": 0.04123546932847248, "EMS & 0 & Tuesday": 0.020731767961959177, "EMS & evening & Monday": 0.01877519664313408, "EMS & evening & 1": 0.01938737539933089, "EMS & evening & Thursday": 0.018998118879284178, "EMS & evening & Friday": 0.020647743426794908, "EMS & evening & 2": 0.02247227619036187, "EMS & evening & Wednesday": 0.018970682296373397, "EMS & evening & Saturday": 0.020574007610222184, "EMS & evening & 3": 0.03438489753293676, "EMS & evening & Tuesday": 0.01890894998482414, "EMS & evening & 4": 0.021455407836231035, "EMS & Monday & 1": 0.010295577737270712, "EMS & Monday & 2": 0.013226147749428548, "EMS & Monday & midnight": 0.011885184759664108, "EMS & Monday & morning": 0.023967569958999457, "EMS & Monday & afternoon": 0.02201957257233398, "EMS & Monday & 3": 0.02005785689421311, "EMS & Monday & 4": 0.011916050915438736, "EMS & 1 & Thursday": 0.010359024835251893, "EMS & 1 & Friday": 0.010729418704547442, "EMS & 1 & midnight": 0.011557660551166655, "EMS & 1 & Wednesday": 0.010283574232247244, "EMS & 1 & Saturday": 0.010535647837740048, "EMS & 1 & morning": 0.021410823389001018, "EMS & 1 & afternoon": 0.020363088879095555, "EMS & 1 & Tuesday": 0.010252708076472616, "EMS & Thursday & 2": 0.012948352347456886, "EMS & Thursday & midnight": 0.011223277196941507, "EMS & Thursday & morning": 0.022813518690314713, "EMS & Thursday & afternoon": 0.021784646831160413, "EMS & Thursday & 3": 0.019032414607922658, "EMS & Thursday & 4": 0.011840600312434089, "EMS & Friday & 2": 0.013305027925297044, "EMS & Friday & midnight": 0.011494213453185473, "EMS & Friday & morning": 0.02275693073806123, "EMS & Friday & afternoon": 0.022295653187873715, "EMS & Friday & 3": 0.019855512095246098, "EMS & Friday & 4": 0.01184574467172986, "EMS & 2 & midnight": 0.014122981053324714, "EMS & 2 & Wednesday": 0.013109542272057727, "EMS & 2 & Saturday": 0.012334458804828153, "EMS & 2 & morning": 0.027678367797682638, "EMS & 2 & afternoon": 0.025555462194960927, "EMS & 2 & Tuesday": 0.013039236028348848, "EMS & midnight & Wednesday": 0.011209558905486116,