{"0 & Friday": 0.04298112191617095, "0 & Fire": 0.041149730006876294, "0 & Traffic": 0.09822639639346117, "0 & evening": 0.09383654312773615, "0 & Monday": 0.04012771729344969, "0 & Sunday": 0.03126913058613115, "0 & morning": 0.030350005058619973, "0 & afternoon": 0.06284177837071282, "0 & EMS": 0.1345953018281338, "0 & Saturday": 0.035504653072983026, "0 & Thursday": 0.04067644895166531, "0 & Tuesday": 0.04105884632598433, "0 & Wednesday": 0.04235351008208683, "0 & midnight": 0.08694310167140233, "Friday & Fire": 0.023134183753084472, "Friday & 1": 0.019555424469659428, "Friday & Traffic": 0.05455764511808877, "Friday & evening": 0.05319610469114124, "Friday & 3": 0.02641799977021862, "Friday & 4": 0.021294217911630196, "Friday & morning": 0.01715129389210221, "Friday & afternoon": 0.036900489228569026, "Friday & EMS": 0.07719454080591533, "Friday & 2": 0.044637605609409374, "Friday & midnight": 0.04763848186527609, "Fire & 1": 0.01863629894214825, "Fire & evening": 0.04911662776959443, "Fire & Monday": 0.021993850775855122, "Fire & 3": 0.022053868300972456, "Fire & 4": 0.022777508175244314, "Fire & Sunday": 0.019563998401819046, "Fire & morning": 0.01771545862820515, "Fire & afternoon": 0.040597568775796816, "Fire & Saturday": 0.020952975411677354, "Fire & Thursday": 0.02223906523562023, "Fire & Tuesday": 0.021650893489470354, "Fire & Wednesday": 0.022746642019469684, "Fire & 2": 0.047664203661754945, "Fire & midnight": 0.044851953913399856, "1 & Traffic": 0.03611683182917984, "1 & evening": 0.041448102846031044, "1 & Monday": 0.018051556768862224, "1 & Sunday": 0.016122422032947906, "1 & morning": 0.015647426191305006, "1 & afternoon": 0.03084900791030981, "1 & EMS": 0.0725817653040402, "1 & Saturday": 0.01794352522365102, "1 & Thursday": 0.01863115458285248, "1 & Tuesday": 0.01836879225876813, "1 & Wednesday": 0.01866202073862711, "1 & midnight": 0.03939035912772244, "Traffic & evening": 0.13146067223057703, "Traffic & Monday": 0.047551027757247975, "Traffic & 3": 0.05865769947681866, "Traffic & 4": 0.03748180182899121, "Traffic & Sunday": 0.02958006595068617, "Traffic & morning": 0.024485435461440455, "Traffic & afternoon": 0.06553570785526516, "Traffic & Saturday": 0.0400711293411962, "Traffic & Thursday": 0.05174025101043791, "Traffic & Tuesday": 0.04976653182729357, "Traffic & Wednesday": 0.05182256075917025, "Traffic & 2": 0.09460648223566996, "Traffic & midnight": 0.10360739621683818, "evening & Monday": 0.04852674123701264, "evening & 3": 0.05720699015541109, "evening & 4": 0.045236066074150795, "evening & Sunday": 0.03669128528387432, "evening & EMS": 0.15281490766732458, "evening & Saturday": 0.04177048269523272, "evening & Thursday": 0.05106805472912376, "evening & Tuesday": 0.05028782690259841, "evening & Wednesday": 0.05185171212851295, "evening & 2": 0.09566450546416697, "Monday & 3": 0.02521764926787193, "Monday & 4": 0.02047797957003445, "Monday & morning": 0.016912938578064796, "Monday & afternoon": 0.032016777470449946, "Monday & EMS": 0.07664752393413163, "Monday & 2": 0.04231749956701643, "Monday & midnight": 0.048735945181707346, "3 & Sunday": 0.019891522610316497, "3 & morning": 0.020647743426794908, "3 & afternoon": 0.03836320205500006, "3 & EMS": 0.08983594638205784, "3 & Saturday": 0.02249456841397688, "3 & Thursday": 0.0255606065542567, "3 & Tuesday": 0.025445715863317803, "3 & Wednesday": 0.025519451679890528, "3 & midnight": 0.0543295785226429, "4 & Sunday": 0.01802412018595144, "4 & morning": 0.019301636077734698, "4 & afternoon": 0.03549779392725533, "4 & EMS": 0.08199937238816592, "4 & Saturday": 0.019761198841490288, "4 & Thursday": 0.02113988713275705, "4 & Tuesday": 0.020685468728297234, "4 & Wednesday": 0.02087581002224078, "4 & midnight": 0.042223186313260615, "Sunday & morning": 0.017950384369378715, "Sunday & afternoon": 0.030301991038526106, "Sunday & EMS": 0.06957574468887773, "Sunday & 2": 0.033412613626035946, "Sunday & midnight": 0.033776148349603796, "morning & EMS": 0.07696990378333331, "morning & Saturday": 0.018042982836702602, "morning & Thursday": 0.01677232609064704, "morning & Tuesday": 0.01644651666858151, "morning & Wednesday": 0.015894355437502037, "morning & 2": 0.033223987118524326, "afternoon & EMS": 0.12830889476870103, "afternoon & Saturday": 0.03560582547246653, "afternoon & Thursday": 0.03334745174162284, "afternoon & Tuesday": 0.03255350562364211, "afternoon & Wednesday": 0.03371613082448646, "afternoon & 2": 0.066890389136485, "EMS & Saturday": 0.07295901831906346, "EMS & Thursday": 0.07481956159770081, "EMS & Tuesday": 0.07585529260258281, "EMS & Wednesday": 0.07557749720061115, "EMS & 2": 0.1436167932464851, "EMS & midnight": 0.164535472929524, "Saturday & 2": 0.03827917751983579, "Saturday & midnight": 0.03856383206753515, "Thursday & 2": 0.0427907806222274, "Thursday & midnight": 0.04761104528236531, "Tuesday & 2": 0.041713894742979235, "Tuesday & midnight": 0.047984868724524704, "Wednesday & 2": 0.04273590745640584, "Wednesday & midnight": 0.04868450158874963, "2 & midnight": 0.09010859742473373, "0 & Friday & Traffic": 0.016895790713745557, "0 & Friday & evening": 0.015227303515483664, "0 & Friday & EMS": 0.01985722688167802, "0 & Friday & midnight": 0.013346182799663216, "0 & Fire & evening": 0.013368475023278226, "0 & Fire & afternoon": 0.010875175551260968, "0 & Fire & midnight": 0.01230702222191737, "0 & Traffic & evening": 0.04040722748185327, "0 & Traffic & Monday": 0.014215579520648601, "0 & Traffic & afternoon": 0.019510840022429407, "0 & Traffic & Saturday": 0.011699987825016333, "0 & Traffic & Thursday": 0.015746883804356588, "0 & Traffic & Tuesday": 0.015002666492901641, "0 & Traffic & Wednesday": 0.016194443063088707, "0 & Traffic & midnight": 0.03163095052326708, "0 & evening & Monday": 0.01370114359107145, "0 & evening & Sunday": 0.010028071053890593, "0 & evening & EMS": 0.040060840622604656, "0 & evening & Saturday": 0.011254143352716135, "0 & evening & Thursday": 0.014153847209099343, "0 & evening & Tuesday": 0.0144745122718691, "0 & evening & Wednesday": 0.01499752213360587, "0 & Monday & EMS": 0.02005785689421311, "0 & Monday & midnight": 0.01357596418154101, "0 & Sunday & EMS": 0.01749253639205505, "0 & morning & EMS": 0.01907356948228883, "0 & afternoon & EMS": 0.03245576279702245, "0 & EMS & Saturday": 0.018300200801491178, "0 & EMS & Thursday": 0.019032414607922658, "0 & EMS & Tuesday": 0.020085293477123893, "0 & EMS & Wednesday": 0.019769772773649906, "0 & EMS & midnight": 0.043005128926217884, "0 & Saturday & midnight": 0.01034873611666035, "0 & Thursday & midnight": 0.013438781266987103, "0 & Tuesday & midnight": 0.013735439319709927, "0 & Wednesday & midnight": 0.013615404269475257, "Friday & 1 & EMS": 0.010703696908068584, "Friday & Traffic & evening": 0.023178768200314493, "Friday & Traffic & afternoon": 0.011154685739664553, "Friday & Traffic & 2": 0.015988668691257847, "Friday & Traffic & midnight": 0.016400217434919567, "Friday & evening & EMS": 0.02277064902951662, "Friday & evening & 2": 0.015628563540553843, "Friday & 3 & EMS": 0.013306742711728967, "Friday & 4 & EMS": 0.011878325613936412, "Friday & morning & EMS": 0.010653968101542793, "Friday & afternoon & EMS": 0.019541706178204037, "Friday & afternoon & 2": 0.01062138715933624, "Friday & EMS & 2": 0.02144854869050334, "Friday & EMS & midnight": 0.02422821749665188, "Friday & 2 & midnight": 0.013677136581024516, "Fire & evening & 2": 0.014904923666281983, "Fire & afternoon & 2": 0.012495648729428993, "Fire & 2 & midnight": 0.014640846555765712, "1 & Traffic & evening": 0.014345903289474812, "1 & Traffic & midnight": 0.011297013013514231, "1 & evening & EMS": 0.020855232585057695, "1 & Monday & EMS": 0.010269855940791854, "1 & Sunday & EMS": 0.0102372749985853, "1 & morning & EMS": 0.010705411694500509, "1 & afternoon & EMS": 0.018269334645716548, "1 & EMS & Saturday": 0.010515070400556962, "1 & EMS & Thursday": 0.01034873611666035, "1 & EMS & Tuesday": 0.010240704571449148,