{"Traffic & Friday": 0.05455764511808877, "Traffic & Sunday": 0.02958006595068617, "Traffic & 2": 0.09607262463496484, "Traffic & 4": 0.06142536477794373, "Traffic & Monday": 0.047551027757247975, "Traffic & midnight": 0.130155719755883, "Traffic & 3": 0.060809756448883076, "Traffic & afternoon": 0.06744769472686024, "Traffic & Saturday": 0.0400711293411962, "Traffic & evening": 0.10246020409388112, "Traffic & morning": 0.02502559318749646, "Traffic & Wednesday": 0.05182256075917025, "Traffic & 1": 0.04524635479274234, "Traffic & 0": 0.06153511110958686, "Traffic & Thursday": 0.05174025101043791, "Traffic & Tuesday": 0.04976653182729357, "Friday & 2": 0.04164015892640651, "Friday & 4": 0.03488904474392237, "Friday & midnight": 0.052714249703770644, "Friday & Fire": 0.023134183753084472, "Friday & 3": 0.027355987948480955, "Friday & afternoon": 0.03751952713049353, "Friday & evening": 0.04712233114926701, "Friday & morning": 0.017530261693557377, "Friday & 1": 0.025721796478857542, "Friday & 0": 0.02527938157942119, "Friday & EMS": 0.07719454080591533, "Sunday & 2": 0.030274554455615325, "Sunday & 4": 0.028415725963409886, "Sunday & midnight": 0.03637576458040034, "Sunday & Fire": 0.019563998401819046, "Sunday & 3": 0.02056200410519872, "Sunday & afternoon": 0.0305677829354743, "Sunday & evening": 0.033357740460214384, "Sunday & morning": 0.018418521065293923, "Sunday & 1": 0.021704051868859993, "Sunday & 0": 0.017763472648299018, "Sunday & EMS": 0.06957574468887773, "2 & Monday": 0.038901644994624146, "2 & midnight": 0.09032637530158806, "2 & Fire": 0.040144865157768925, "2 & afternoon": 0.0618832127552674, "2 & Saturday": 0.03435231659073021, "2 & evening": 0.08343464863168616, "2 & morning": 0.029864720498385528, "2 & Wednesday": 0.04113772650185283, "2 & EMS": 0.1292914673941934, "2 & Thursday": 0.03938864434129052, "2 & Tuesday": 0.03981391137640763, "4 & Monday": 0.03317768788486238, "4 & midnight": 0.07264521240202139, "4 & Fire": 0.031226260925333055, "4 & afternoon": 0.05623813582137413, "4 & Saturday": 0.03165838710617786, "4 & evening": 0.06861889385986422, "4 & morning": 0.02987843878984092, "4 & Wednesday": 0.033247994128571254, "4 & EMS": 0.13472905516982386, "4 & Thursday": 0.033182832244158154, "4 & Tuesday": 0.03280900880199875, "Monday & midnight": 0.04806889325968897, "Monday & Fire": 0.021993850775855122, "Monday & 3": 0.026129915649655413, "Monday & afternoon": 0.03258094220655289, "Monday & evening": 0.04823351275715366, "Monday & morning": 0.0173090542438392, "Monday & 1": 0.024499153752895846, "Monday & 0": 0.023484000185196936, "Monday & EMS": 0.07664752393413163, "midnight & Fire": 0.048487301149078385, "midnight & 3": 0.05871428742907214, "midnight & Saturday": 0.04138465574804986, "midnight & Wednesday": 0.05133556141250388, "midnight & 1": 0.05407921970358202, "midnight & 0": 0.05448219451508412, "midnight & EMS": 0.15160426844638633, "midnight & Thursday": 0.0506102067518001, "midnight & Tuesday": 0.04975795789513395, "Fire & 3": 0.02295413117773247, "Fire & afternoon": 0.04128519813499828, "Fire & Saturday": 0.020952975411677354, "Fire & evening": 0.04435466584814194, "Fire & morning": 0.018154443954777652, "Fire & Wednesday": 0.022746642019469684, "Fire & 1": 0.02802303987049933, "Fire & 0": 0.02993331195566248, "Fire & Thursday": 0.02223906523562023, "Fire & Tuesday": 0.021650893489470354, "3 & afternoon": 0.04044666756978752, "3 & Saturday": 0.023326239833459942, "3 & evening": 0.055740847756116214, "3 & morning": 0.021750351102521936, "3 & Wednesday": 0.026510598237542506, "3 & EMS": 0.09288826623088227, "3 & Thursday": 0.0264454363531294, "3 & Tuesday": 0.026321971730030883, "afternoon & Saturday": 0.03598307848748977, "afternoon & Wednesday": 0.03438661231936868, "afternoon & 1": 0.04301713243124135, "afternoon & 0": 0.03661754946730159, "afternoon & EMS": 0.12946980518311346, "afternoon & Thursday": 0.03398706708073043, "afternoon & Tuesday": 0.03317768788486238, "Saturday & evening": 0.03810598409021149, "Saturday & morning": 0.018509404746185888, "Saturday & 1": 0.023689774557027796, "Saturday & 0": 0.0209564049845412, "Saturday & EMS": 0.07295901831906346, "evening & Wednesday": 0.04817521001846825, "evening & 1": 0.050207231940298, "evening & 0": 0.051604782882315924, "evening & EMS": 0.16279153512825745, "evening & Thursday": 0.047105183284947776, "evening & Tuesday": 0.04750644331001795, "morning & Wednesday": 0.01624931622891027, "morning & 1": 0.02319591606463373, "morning & 0": 0.017254181078017638, "morning & EMS": 0.07876357039112564, "morning & Thursday": 0.017096420726280644, "morning & Tuesday": 0.01683062882933245, "Wednesday & 1": 0.02501530446890492, "Wednesday & 0": 0.024235076642379574, "Wednesday & EMS": 0.07557749720061115, "1 & EMS": 0.09723010547651342, "1 & Thursday": 0.025214219695008085, "1 & Tuesday": 0.024655199318200916, "0 & EMS": 0.06849028487746994, "0 & Thursday": 0.024567745210172798, "0 & Tuesday": 0.023672626692708556, "EMS & Thursday": 0.07481956159770081, "EMS & Tuesday": 0.07585529260258281, "Traffic & Friday & 2": 0.016515108125858467, "Traffic & Friday & 4": 0.010314440388021874, "Traffic & Friday & midnight": 0.022984997333507097, "Traffic & Friday & 3": 0.010038359772482136, "Traffic & Friday & afternoon": 0.011487354307457778, "Traffic & Friday & evening": 0.016192728276656784, "Traffic & Friday & 0": 0.010389890991026522, "Traffic & Sunday & midnight": 0.010852883327645958, "Traffic & 2 & Monday": 0.013925780613653472, "Traffic & 2 & midnight": 0.03913142637650194, "Traffic & 2 & afternoon": 0.019653167296279084, "Traffic & 2 & Saturday": 0.011417048063748901, "Traffic & 2 & evening": 0.030603793450544703, "Traffic & 2 & Wednesday": 0.015844626630976244, "Traffic & 2 & Thursday": 0.015398782158676048, "Traffic & 2 & Tuesday": 0.01465799442008495, "Traffic & 4 & midnight": 0.024759801290548267, "Traffic & 4 & afternoon": 0.01281116943290298, "Traffic & 4 & evening": 0.019095861705903838, "Traffic & Monday & midnight": 0.018847217673274883, "Traffic & Monday & evening": 0.01626303452036566, "Traffic & midnight & 3": 0.024368829984069633, "Traffic & midnight & Saturday": 0.014544818515577977, "Traffic & midnight & Wednesday": 0.021379957233226388, "Traffic & midnight & 1": 0.016933516015247882, "Traffic & midnight & 0": 0.02496214608951528, "Traffic & midnight & Thursday": 0.021474270486982198, "Traffic & midnight & Tuesday": 0.020071575185668503, "Traffic & 3 & afternoon": 0.012325884872668533, "Traffic & 3 & evening": 0.019111294783791154, "Traffic & afternoon & Wednesday": 0.01023213063928953, "Traffic & afternoon & 1": 0.010491063390510029, "Traffic & afternoon & 0": 0.012166409734499617, "Traffic & afternoon & Thursday": 0.010117239948350632, "Traffic & Saturday & evening": 0.01208752955863112, "Traffic & evening & Wednesday": 0.016846061907219767, "Traffic & evening & 1": 0.013004940299710372, "Traffic & evening & 0": 0.020644313853931062, "Traffic & evening & Thursday": 0.016400217434919567, "Traffic & evening & Tuesday": 0.016506534193698845, "Traffic & 0 & Thursday": 0.010168683541308348, "Friday & 2 & midnight": 0.014633987410038017, "Friday & 2 & evening": 0.012783732849992197, "Friday & 2 & EMS": 0.01906156597726536, "Friday & 4 & midnight": 0.011504502171777016, "Friday & 4 & evening": 0.010238989785017225, "Friday & 4 & EMS": 0.01988809303745265, "Friday & midnight & EMS": 0.022590596454164617, "Friday & 3 & EMS": 0.013769735048348403, "Friday & afternoon & EMS": 0.019720043967124113, "Friday & evening & EMS": 0.023988147396182543, "Friday & morning & EMS": 0.010895752988444054, "Friday & 1 & EMS": 0.014146988063371647, "Friday & 0 & EMS": 0.010328158679477265, "Sunday & 2 & EMS": 0.016768896517783193, "Sunday & 4 & EMS": 0.01845796115322817, "Sunday & midnight & EMS": 0.019402808477218206, "Sunday & 3 & EMS": 0.012262437774687352, "Sunday & afternoon & EMS": 0.01792980693219563, "Sunday & evening & EMS": 0.020068145612804653,