{"midnight & 2": 0.019768057987217983, "midnight & Friday": 0.017149579105670283, "midnight & EMS": 0.07693217848183098, "midnight & 0": 0.02996417811143711, "midnight & Monday": 0.016904364645905175, "midnight & Thursday": 0.016762037372055498, "midnight & Saturday": 0.018036123690974907, "midnight & Fire": 0.01771031426890938, "midnight & Sunday": 0.017936666077923324, "midnight & 4": 0.015525676354638411, "midnight & Tuesday": 0.016439657522853816, "midnight & 1": 0.013497084005672514, "midnight & 3": 0.04036264303462325, "midnight & Traffic": 0.02447514674284891, "midnight & Wednesday": 0.015889211078206265, "2 & Friday": 0.025553747408529004, "2 & EMS": 0.08508941753849267, "2 & Monday": 0.024452854519233902, "2 & afternoon": 0.05540303482902722, "2 & Thursday": 0.024740938639797108, "2 & Saturday": 0.02160116468294456, "2 & Fire": 0.02138167201965831, "2 & Sunday": 0.01912329828881462, "2 & Tuesday": 0.024608900084538973, "2 & evening": 0.05231298967870047, "2 & morning": 0.03726059437927303, "2 & Traffic": 0.05827358731606772, "2 & Wednesday": 0.024663773250360534, "Friday & EMS": 0.07719454080591533, "Friday & 0": 0.04257643231823693, "Friday & afternoon": 0.05319781947757317, "Friday & Fire": 0.023134183753084472, "Friday & 4": 0.018843788100411034, "Friday & evening": 0.04767106280748264, "Friday & 1": 0.014736874595953447, "Friday & 3": 0.05317552725395815, "Friday & morning": 0.03686790828636247, "Friday & Traffic": 0.05455764511808877, "EMS & 0": 0.13231463587367512, "EMS & Monday": 0.07664752393413163, "EMS & afternoon": 0.15279775980300533, "EMS & Thursday": 0.07481956159770081, "EMS & Saturday": 0.07295901831906346, "EMS & Sunday": 0.06957574468887773, "EMS & 4": 0.0672367759957336, "EMS & Tuesday": 0.07585529260258281, "EMS & evening": 0.16464693404759903, "EMS & 1": 0.05847593211503473, "EMS & 3": 0.17951241762594677, "EMS & morning": 0.12825230681644756, "EMS & Wednesday": 0.07557749720061115, "0 & Monday": 0.039705879831196424, "0 & afternoon": 0.09300830128111694, "0 & Thursday": 0.040290622004482454, "0 & Saturday": 0.03518913236950904, "0 & Fire": 0.040793054429036135, "0 & Sunday": 0.030933032445474077, "0 & Tuesday": 0.04067130459236954, "0 & evening": 0.08616115905844507, "0 & morning": 0.062191874313013686, "0 & Traffic": 0.09821782246130156, "0 & Wednesday": 0.041959109202744344, "Monday & afternoon": 0.048507878586261474, "Monday & Fire": 0.021993850775855122, "Monday & 4": 0.01751482861567006, "Monday & evening": 0.04877367048320967, "Monday & 1": 0.014126410626188562, "Monday & 3": 0.05039242887494577, "Monday & morning": 0.0320064887518584, "Monday & Traffic": 0.047551027757247975, "afternoon & Thursday": 0.05106805472912376, "afternoon & Saturday": 0.041784200986688114, "afternoon & Fire": 0.04911834255602636, "afternoon & Sunday": 0.03669471485673817, "afternoon & 4": 0.04021688618790973, "afternoon & Tuesday": 0.050277538184006876, "afternoon & 1": 0.031137092030873014, "afternoon & 3": 0.11362860812500107, "afternoon & Traffic": 0.13147782009489628, "afternoon & Wednesday": 0.05186371563353642, "Thursday & Fire": 0.02223906523562023, "Thursday & 4": 0.01804641240956645, "Thursday & evening": 0.047635052292412244, "Thursday & 1": 0.014663138779380722, "Thursday & 3": 0.05105776601053222, "Thursday & morning": 0.03333373345016745, "Thursday & Traffic": 0.05174025101043791, "Saturday & Fire": 0.020952975411677354, "Saturday & 4": 0.017104994658440266, "Saturday & evening": 0.03859298343687785, "Saturday & 1": 0.013925780613653472, "Saturday & 3": 0.04616205074738967, "Saturday & morning": 0.03556981495739613, "Saturday & Traffic": 0.0400711293411962, "Fire & Sunday": 0.019563998401819046, "Fire & 4": 0.02122905602721709, "Fire & Tuesday": 0.021650893489470354, "Fire & evening": 0.04488110528274256, "Fire & 1": 0.015229018301915588, "Fire & 3": 0.053648808309169134, "Fire & morning": 0.04057184697931796, "Fire & Wednesday": 0.022746642019469684, "Sunday & 4": 0.015796612610882377, "Sunday & evening": 0.033796725786786885, "Sunday & 1": 0.01249393394299707, "Sunday & 3": 0.0403729317532148, "Sunday & morning": 0.030291702319934565, "Sunday & Traffic": 0.02958006595068617, "4 & Tuesday": 0.01787664855280599, "4 & evening": 0.03864957138913134, "4 & morning": 0.029197668576367155, "4 & Traffic": 0.03512397048509593, "4 & Wednesday": 0.018406517560270456, "Tuesday & evening": 0.0480208792395951, "Tuesday & 1": 0.014251590035719002, "Tuesday & 3": 0.04986427465391323, "Tuesday & morning": 0.032534642972890944, "Tuesday & Traffic": 0.04976653182729357, "evening & 1": 0.028696950938245397, "evening & 3": 0.10738164115350254, "evening & Traffic": 0.1036742728876832, "evening & Wednesday": 0.04871193817166041, "1 & morning": 0.025169635247778065, "1 & Traffic": 0.02479581180561867, "1 & Wednesday": 0.014303033628676716, "3 & morning": 0.08046635331802601, "3 & Traffic": 0.10867801969603695, "3 & Wednesday": 0.050814266337199036, "morning & Traffic": 0.06546197203869245, "morning & Wednesday": 0.03368183509584799, "Traffic & Wednesday": 0.05182256075917025, "midnight & 2 & EMS": 0.01240476504853703, "midnight & Friday & EMS": 0.01065225331511087, "midnight & EMS & 0": 0.01874433048735945, "midnight & EMS & Monday": 0.010996925387927561, "midnight & EMS & Thursday": 0.01051335561412504, "midnight & EMS & Saturday": 0.011874896041072565, "midnight & EMS & Sunday": 0.011857748176753327, "midnight & EMS & Tuesday": 0.010641964596519327, "midnight & EMS & 3": 0.026855270310359197, "midnight & EMS & Wednesday": 0.010395035350322294, "2 & Friday & EMS": 0.012643120362574443, "2 & EMS & Monday": 0.012600250701776347, "2 & EMS & afternoon": 0.024785523087027125, "2 & EMS & Thursday": 0.01229330393046198, "2 & EMS & Saturday": 0.011597100639100903, "2 & EMS & Sunday": 0.011223277196941507, "2 & EMS & Tuesday": 0.012327599659100458, "2 & EMS & evening": 0.02760291719467799, "2 & EMS & morning": 0.020296212208250522, "2 & EMS & Wednesday": 0.01240476504853703, "2 & afternoon & Traffic": 0.02358002822538467, "2 & evening & Traffic": 0.01855570397984783, "2 & morning & Traffic": 0.011466776870274692, "Friday & EMS & 0": 0.01947139993449516, "Friday & EMS & afternoon": 0.02277064902951662, "Friday & EMS & evening": 0.02424536536097112, "Friday & EMS & 3": 0.02679010842594609, "Friday & EMS & morning": 0.01952627310031672, "Friday & 0 & afternoon": 0.015124416329568234, "Friday & 0 & evening": 0.013221003390132775, "Friday & 0 & Traffic": 0.01692837165595211, "Friday & afternoon & 3": 0.01842195063815777, "Friday & afternoon & Traffic": 0.023178768200314493, "Friday & evening & 3": 0.016309333754027603, "Friday & evening & Traffic": 0.016413935726374958, "Friday & 3 & morning": 0.01270828224698755, "Friday & 3 & Traffic": 0.018253901567829234, "Friday & morning & Traffic": 0.011140967448209162, "EMS & 0 & Monday": 0.019713184821396418, "EMS & 0 & afternoon": 0.03936120775837973, "EMS & 0 & Thursday": 0.018698031253697508, "EMS & 0 & Saturday": 0.0180138314673599, "EMS & 0 & Sunday": 0.01720616705792377, "EMS & 0 & Tuesday": 0.019761198841490288, "EMS & 0 & evening": 0.04227462990621833, "EMS & 0 & morning": 0.031934467721717597, "EMS & 0 & Wednesday": 0.019450822497312073, "EMS & Monday & afternoon": 0.022362529858718744, "EMS & Monday & evening": 0.025504018602003214, "EMS & Monday & 3": 0.026256809845617776, "EMS & Monday & morning": 0.017784050085482103, "EMS & afternoon & Thursday": 0.0221721885647752, "EMS & afternoon & Saturday": 0.020584296328813728, "EMS & afternoon & Sunday": 0.019594864557593676, "EMS & afternoon & 4": 0.019569142761114818, "EMS & afternoon & Tuesday": 0.022782652534540086, "EMS & afternoon & 1": 0.01700039268609291, "EMS & afternoon & 3": 0.05208149351039075, "EMS & afternoon & Wednesday": 0.022530578929047283, "EMS & Thursday & evening": 0.024301953313224604, "EMS & Thursday & 3": 0.025802391441157962, "EMS & Thursday & morning": 0.01783206410557597, "EMS & Saturday & evening": 0.020735197534823026,