{"Sunday & EMS": 0.06957574468887773, "Sunday & evening": 0.032165963890027315, "Sunday & Traffic": 0.02958006595068617, "Sunday & 4": 0.02077806719562112, "Sunday & 2": 0.017816631027688656, "Sunday & afternoon": 0.03579616676641008, "Sunday & morning": 0.03127427494542692, "Sunday & 0": 0.028391718953362954, "Sunday & 1": 0.021858382647733137, "Sunday & 3": 0.029875009216977073, "Sunday & Fire": 0.019563998401819046, "Sunday & midnight": 0.019483403439518626, "EMS & evening": 0.13562588847372004, "EMS & Saturday": 0.07295901831906346, "EMS & Thursday": 0.07481956159770081, "EMS & 4": 0.09454303513768877, "EMS & 2": 0.06866862266639001, "EMS & afternoon": 0.14955338387380543, "EMS & morning": 0.1544079442625818, "EMS & 0": 0.13454728780803996, "EMS & 1": 0.09785600252416563, "EMS & 3": 0.12701423101259854, "EMS & Wednesday": 0.07557749720061115, "EMS & midnight": 0.0830419625387756, "EMS & Friday": 0.07719454080591533, "EMS & Tuesday": 0.07585529260258281, "EMS & Monday": 0.07664752393413163, "evening & Saturday": 0.03768414662795822, "evening & Thursday": 0.03702223906523562, "evening & Traffic": 0.07598904594427287, "evening & 4": 0.044140317544151465, "evening & 2": 0.03963728837391947, "evening & 0": 0.059834042969118414, "evening & 1": 0.04610203322227233, "evening & 3": 0.06598498190042922, "evening & Fire": 0.04408372959189798, "evening & Wednesday": 0.03736519635162039, "evening & Friday": 0.04028547764518668, "evening & Tuesday": 0.036135694479930994, "evening & Monday": 0.035039945949931664, "Saturday & Traffic": 0.0400711293411962, "Saturday & 4": 0.02358174301181659, "Saturday & 2": 0.02104042951970547, "Saturday & afternoon": 0.04065587151448223, "Saturday & morning": 0.03591448703021282, "Saturday & 0": 0.031579506930309365, "Saturday & 1": 0.023868112345947875, "Saturday & 3": 0.03391333126415771, "Saturday & Fire": 0.020952975411677354, "Saturday & midnight": 0.019728617899283735, "Thursday & Traffic": 0.05174025101043791, "Thursday & 4": 0.026791823212378014, "Thursday & 2": 0.024634621881017827, "Thursday & afternoon": 0.049162927003256376, "Thursday & morning": 0.044677045697343626, "Thursday & 0": 0.033127959078336586, "Thursday & 1": 0.025383983551768546, "Thursday & 3": 0.038860490120257975, "Thursday & Fire": 0.02223906523562023, "Thursday & midnight": 0.017936666077923324, "Traffic & 4": 0.06114413980310822, "Traffic & 2": 0.061662005305549224, "Traffic & afternoon": 0.12598535915344422, "Traffic & morning": 0.09662307107961239, "Traffic & 0": 0.061466519652309905, "Traffic & 1": 0.045563590282648246, "Traffic & 3": 0.09525295672050524, "Traffic & Wednesday": 0.05182256075917025, "Traffic & midnight": 0.026491735586791344, "Traffic & Friday": 0.05455764511808877, "Traffic & Tuesday": 0.04976653182729357, "Traffic & Monday": 0.047551027757247975, "4 & afternoon": 0.05803008764273453, "4 & morning": 0.053599079502643344, "4 & Fire": 0.023225067433976437, "4 & Wednesday": 0.0268844216797019, "4 & midnight": 0.02314275768524409, "4 & Friday": 0.027700660021297646, "4 & Tuesday": 0.026688936026462586, "4 & Monday": 0.02648659122749557, "2 & afternoon": 0.05355620984184525, "2 & morning": 0.049080617254524034, "2 & Fire": 0.030271124882751476, "2 & Wednesday": 0.02431738639111192, "2 & midnight": 0.01832763738440196, "2 & Friday": 0.025365120901017384, "2 & Tuesday": 0.023811524393694387, "2 & Monday": 0.02361603874045507, "afternoon & 0": 0.0709767252037595, "afternoon & 1": 0.053189245545413544, "afternoon & 3": 0.08674933080459495, "afternoon & Fire": 0.0469628560110981, "afternoon & Wednesday": 0.05007862295790371, "afternoon & Friday": 0.05141444158837238, "afternoon & Tuesday": 0.04826437891292829, "afternoon & Monday": 0.04712919029499471, "morning & 0": 0.06477262789305906, "morning & 1": 0.047760231701942685, "morning & 3": 0.0777964308435206, "morning & Fire": 0.041977971853495506, "morning & Wednesday": 0.045558445923352474, "morning & Friday": 0.04462045774509014, "morning & Tuesday": 0.045194911199784624, "morning & Monday": 0.04576936465447911, "0 & Fire": 0.03103249005852566, "0 & Wednesday": 0.03320512446777316, "0 & midnight": 0.03146290145293854, "0 & Friday": 0.034851319442420044, "0 & Tuesday": 0.03274213213115373, "0 & Monday": 0.033148536515519675, "1 & Fire": 0.02833170142824562, "1 & Wednesday": 0.025209075335712313, "1 & midnight": 0.024699783765430933, "1 & Friday": 0.02592242649139263, "1 & Tuesday": 0.02483182232068907, "1 & Monday": 0.024677491541815925, "3 & Fire": 0.03942122528349707, "3 & Wednesday": 0.04053069210495179, "3 & midnight": 0.0311576694680561, "3 & Friday": 0.04104684282096086, "3 & Tuesday": 0.03919830304734697, "3 & Monday": 0.03826374444194848, "Fire & Wednesday": 0.022746642019469684, "Fire & midnight": 0.01925705163050468, "Fire & Friday": 0.023134183753084472, "Fire & Tuesday": 0.021650893489470354, "Fire & Monday": 0.021993850775855122, "Wednesday & midnight": 0.017144434746374514, "midnight & Friday": 0.018565992698439372, "midnight & Tuesday": 0.017677733326702826, "midnight & Monday": 0.018253901567829234, "Sunday & EMS & evening": 0.01865001723360364, "Sunday & EMS & 4": 0.012432201631447811, "Sunday & EMS & afternoon": 0.01914216093956578, "Sunday & EMS & morning": 0.018946675286326466, "Sunday & EMS & 0": 0.018454531580364322, "Sunday & EMS & 1": 0.013387337674029389, "Sunday & EMS & 3": 0.01651682291229039, "Sunday & EMS & midnight": 0.012836891229381836, "Sunday & Traffic & afternoon": 0.010753425714594375, "EMS & evening & Saturday": 0.02059972940670104, "EMS & evening & Thursday": 0.019023840675763036, "EMS & evening & 4": 0.023662337974117015, "EMS & evening & 2": 0.01721817056294724, "EMS & evening & 0": 0.036524950999977705, "EMS & evening & 1": 0.025756092207496018, "EMS & evening & 3": 0.032464336729182065, "EMS & evening & Wednesday": 0.018994689306420332, "EMS & evening & Friday": 0.020668320863977997, "EMS & evening & Tuesday": 0.018900376052664522, "EMS & evening & Monday": 0.018788914934589472, "EMS & Saturday & 4": 0.012980933289663439, "EMS & Saturday & afternoon": 0.020020131592710787, "EMS & Saturday & morning": 0.019426815487265138, "EMS & Saturday & 0": 0.019296491718438925, "EMS & Saturday & 1": 0.013694284445343754, "EMS & Saturday & 3": 0.017334776040318058, "EMS & Saturday & midnight": 0.012912341832386485, "EMS & Thursday & 4": 0.013639411279522192, "EMS & Thursday & afternoon": 0.021770928539705022, "EMS & Thursday & morning": 0.0227980856124274, "EMS & Thursday & 0": 0.019176456668204257, "EMS & Thursday & 1": 0.014158991568395115, "EMS & Thursday & 3": 0.01791608864074024, "EMS & Thursday & midnight": 0.011226706769805354, "EMS & 4 & afternoon": 0.026903284330453064, "EMS & 4 & morning": 0.02922510515927794, "EMS & 4 & Wednesday": 0.013807460349850727, "EMS & 4 & midnight": 0.014752307673840762, "EMS & 4 & Friday": 0.01404067130459237, "EMS & 4 & Tuesday": 0.01370114359107145, "EMS & 4 & Monday": 0.013941213691540787, "EMS & 2 & afternoon": 0.020275634771067436, "EMS & 2 & morning": 0.020635739921771444, "EMS & 2 & midnight": 0.010539077410603895, "EMS & 2 & Friday": 0.010347021330228426, "EMS & 2 & Monday": 0.010137817385533718, "EMS & afternoon & 0": 0.037396062507395016, "EMS & afternoon & 1": 0.027873853450921957, "EMS & afternoon & 3": 0.037104548813967964, "EMS & afternoon & Wednesday": 0.022040150009517066, "EMS & afternoon & Friday": 0.02227507575069063, "EMS & afternoon & Tuesday": 0.02228879404214602, "EMS & afternoon & Monday": 0.02201614299947013, "EMS & morning & 0": 0.03816257204246497, "EMS & morning & 1": 0.028285402194583677, "EMS & morning & 3": 0.03809912494448379, "EMS & morning & Wednesday": 0.023322810260596093, "EMS & morning & Friday": 0.022746642019469684, "EMS & morning & Tuesday": 0.023216493501816815, "EMS & morning & Monday": 0.023950422094680218, "EMS & 0 & Wednesday": 0.019025555462194962, "EMS & 0 & midnight": 0.022463702258202253, "EMS & 0 & Friday": 0.01986065645454187, "EMS & 0 & Tuesday": 0.019227900261161973,