{"evening & EMS": 0.15278061193868608, "evening & Sunday": 0.036684426138146625, "evening & 4": 0.07310134559291313, "evening & Friday": 0.05317209768109431, "evening & 1": 0.05501377830898051, "evening & Monday": 0.048507878586261474, "evening & Traffic": 0.13138350684114047, "evening & Fire": 0.04907718768166019, "evening & 2": 0.05927845216517509, "evening & 3": 0.09165019042703326, "evening & Tuesday": 0.05026896425184725, "evening & 0": 0.054197539967384765, "evening & Saturday": 0.041763623549505025, "evening & Thursday": 0.0510423329326449, "evening & Wednesday": 0.05180198332198716, "EMS & Sunday": 0.06957574468887773, "EMS & 4": 0.13438266831057527, "EMS & morning": 0.07711051627075106, "EMS & Friday": 0.07719454080591533, "EMS & 1": 0.09778398149402483, "EMS & Monday": 0.07664752393413163, "EMS & 2": 0.0930271639318681, "EMS & 3": 0.12972016400217434, "EMS & midnight": 0.16432969855769314, "EMS & Tuesday": 0.07585529260258281, "EMS & 0": 0.06771520141024036, "EMS & Saturday": 0.07295901831906346, "EMS & afternoon": 0.1284083523817526, "EMS & Thursday": 0.07481956159770081, "EMS & Wednesday": 0.07557749720061115, "Sunday & 4": 0.028376285875475638, "Sunday & morning": 0.017969247020129878, "Sunday & 1": 0.02182408691909466, "Sunday & Traffic": 0.02958006595068617, "Sunday & Fire": 0.019563998401819046, "Sunday & 2": 0.020574007610222184, "Sunday & 3": 0.03042031130232885, "Sunday & midnight": 0.03372470475664608, "Sunday & 0": 0.017525117334261604, "Sunday & afternoon": 0.030341431126460355, "4 & morning": 0.029108499681907117, "4 & Friday": 0.0348118793544858, "4 & Monday": 0.03313996258336006, "4 & Traffic": 0.061564262478929564, "4 & Fire": 0.030946750736929467, "4 & midnight": 0.06918305859596717, "4 & Tuesday": 0.032724984266834484, "4 & Saturday": 0.03155378513383051, "4 & afternoon": 0.05550077765564688, "4 & Thursday": 0.033121099932608894, "4 & Wednesday": 0.03316568437983891, "morning & Friday": 0.017182160047876836, "morning & 1": 0.02285124399181704, "morning & Monday": 0.016952378665999045, "morning & Traffic": 0.02452316076294278, "morning & Fire": 0.017744609997547855, "morning & 2": 0.021319939708109054, "morning & 3": 0.02936057328739992, "morning & Tuesday": 0.01647738282435614, "morning & 0": 0.016738030362008563, "morning & Saturday": 0.018080708138204928, "morning & Thursday": 0.016798047887125897, "morning & Wednesday": 0.01591836244754897, "Friday & 1": 0.025889845549186077, "Friday & Traffic": 0.05455764511808877, "Friday & Fire": 0.023134183753084472, "Friday & 2": 0.02737999495852789, "Friday & 3": 0.04188194381330777, "Friday & midnight": 0.04758360869945453, "Friday & 0": 0.024922706001581033, "Friday & afternoon": 0.036948503248662896, "1 & Monday": 0.024660343677496685, "1 & Traffic": 0.045500143184667066, "1 & Fire": 0.028288831767447523, "1 & midnight": 0.05100975199043835, "1 & Tuesday": 0.024811244883505983, "1 & Saturday": 0.023854394054492484, "1 & afternoon": 0.042698182154903515, "1 & Thursday": 0.02535483218242584, "1 & Wednesday": 0.025178209179937686, "Monday & Traffic": 0.047551027757247975, "Monday & Fire": 0.021993850775855122, "Monday & 2": 0.02616421137829389, "Monday & 3": 0.039076553210680376, "Monday & midnight": 0.04867592765659001, "Monday & 0": 0.023151331617403712, "Monday & afternoon": 0.03205621755838419, "Traffic & 2": 0.060784034652404215, "Traffic & 3": 0.09667965903186587, "Traffic & midnight": 0.10346678372942042, "Traffic & Tuesday": 0.04976653182729357, "Traffic & 0": 0.060561112416254115, "Traffic & Saturday": 0.0400711293411962, "Traffic & afternoon": 0.06571576043061716, "Traffic & Thursday": 0.05174025101043791, "Traffic & Wednesday": 0.05182256075917025, "Fire & 2": 0.02307588101439906, "Fire & 3": 0.04043637885119598, "Fire & midnight": 0.04480565467973791, "Fire & Tuesday": 0.021650893489470354, "Fire & 0": 0.029533766717024228, "Fire & Saturday": 0.020952975411677354, "Fire & afternoon": 0.040654156728050304, "Fire & Thursday": 0.02223906523562023, "Fire & Wednesday": 0.022746642019469684, "2 & midnight": 0.056361600444472644, "2 & Tuesday": 0.02636141181796513, "2 & Saturday": 0.023367394707826113, "2 & afternoon": 0.0399270872809146, "2 & Thursday": 0.0264814468681998, "2 & Wednesday": 0.026558612257636373, "3 & midnight": 0.08463499913403286, "3 & Tuesday": 0.04002140053467041, "3 & Saturday": 0.03449807343744373, "3 & afternoon": 0.06119043903677016, "3 & Thursday": 0.03960470743171292, "3 & Wednesday": 0.04133321215509214, "midnight & Tuesday": 0.047926565985839296, "midnight & 0": 0.05141272680194045, "midnight & Saturday": 0.03850895890171359, "midnight & Thursday": 0.04754931297081605, "midnight & Wednesday": 0.048633057995791915, "Tuesday & 0": 0.023353676416370723, "Tuesday & afternoon": 0.03259980485730405, "0 & Saturday": 0.02070947573834417, "0 & afternoon": 0.03546178341218493, "0 & Thursday": 0.024236791428811497, "0 & Wednesday": 0.02391098200674597, "Saturday & afternoon": 0.03562983248251347, "afternoon & Thursday": 0.0334091840531721, "afternoon & Wednesday": 0.03379329621392304, "evening & EMS & Sunday": 0.0195965793440256, "evening & EMS & 4": 0.038262029655516554, "evening & EMS & Friday": 0.02275693073806123, "evening & EMS & 1": 0.028499750498574155, "evening & EMS & Monday": 0.022383107295901834, "evening & EMS & 2": 0.027030178526415427, "evening & EMS & 3": 0.03876617686650216, "evening & EMS & Tuesday": 0.022791226466699704, "evening & EMS & 0": 0.020222476391677797, "evening & EMS & Saturday": 0.020568863250926415, "evening & EMS & Thursday": 0.022175618137639047, "evening & EMS & Wednesday": 0.02250828670543227, "evening & Sunday & Traffic": 0.010912900852763292, "evening & 4 & Friday": 0.011530223968255874, "evening & 4 & Monday": 0.010744851782434757, "evening & 4 & Traffic": 0.02497414959453875, "evening & 4 & Tuesday": 0.010659112460838565, "evening & 4 & Thursday": 0.01102779154370219, "evening & 4 & Wednesday": 0.010948911367833693, "evening & Friday & Traffic": 0.023177053413882567, "evening & Friday & 3": 0.01486376879191581, "evening & 1 & Traffic": 0.0172370332136984, "evening & Monday & Traffic": 0.01904784768580997, "evening & Monday & 3": 0.01339248203332516, "evening & Traffic & 2": 0.0246037557252432, "evening & Traffic & 3": 0.039733316414107205, "evening & Traffic & Tuesday": 0.020328793150457075, "evening & Traffic & 0": 0.02483525189355292, "evening & Traffic & Saturday": 0.014661423992948798, "evening & Traffic & Thursday": 0.021659467421629972, "evening & Traffic & Wednesday": 0.021596020323648792, "evening & Fire & 3": 0.013150697146423898, "evening & 3 & Tuesday": 0.014158991568395115, "evening & 3 & Saturday": 0.010962629659289083, "evening & 3 & Thursday": 0.013783453339803794, "evening & 3 & Wednesday": 0.01469400493515535, "EMS & Sunday & 4": 0.018437383716045086, "EMS & Sunday & morning": 0.011880040400368335, "EMS & Sunday & 1": 0.013375334169005921, "EMS & Sunday & 2": 0.012276156066142742, "EMS & Sunday & 3": 0.016825484470036678, "EMS & Sunday & midnight": 0.020248198188156655, "EMS & Sunday & afternoon": 0.017850926756327132, "EMS & 4 & morning": 0.02075406018557419, "EMS & 4 & Friday": 0.019828075512335317, "EMS & 4 & Monday": 0.01947654429379093, "EMS & 4 & midnight": 0.04063014971800337, "EMS & 4 & Tuesday": 0.01919531931895542, "EMS & 4 & Saturday": 0.01927934385411969, "EMS & 4 & afternoon": 0.03473642875148115, "EMS & 4 & Thursday": 0.01916788273604464, "EMS & 4 & Wednesday": 0.018998118879284178, "EMS & morning & Friday": 0.010679689898021651, "EMS & morning & 1": 0.014798606907502706, "EMS & morning & Monday": 0.011029506330134114, "EMS & morning & 2": 0.013582823327268706, "EMS & morning & 3": 0.01824704242210154, "EMS & morning & Tuesday": 0.01066597160656626, "EMS & morning & Saturday": 0.011905762196847193, "EMS & morning & Thursday": 0.010535647837740048, "EMS & morning & Wednesday": 0.010413898001073457, "EMS & Friday & 1": 0.014231012598535915, "EMS & Friday & 2": 0.013783453339803794,